timestamp,acc_x,acc_y,acc_z,gyro_x,gyro_y,gyro_z,label
377152,-0.0831,1.1437,1.0872,-1.8684,-2.6154,5.4082,left_tilt
377204,-0.0840,1.1377,1.0883,-2.4482,-1.3040,5.0553,left_tilt
377256,-0.0738,1.1339,1.0920,-2.1824,-1.3084,4.1607,left_tilt
377308,-0.0644,1.1323,1.0916,-2.0292,-0.7165,3.5337,left_tilt
377360,-0.0646,1.1274,1.0943,-1.8013,0.2425,2.9099,left_tilt
377412,-0.0503,1.1206,1.0936,-1.7182,-0.0467,2.6795,left_tilt
377464,-0.0537,1.1194,1.0932,-1.8411,-0.1132,2.5869,left_tilt
377516,-0.0635,1.1174,1.0947,-1.0676,-0.3420,2.0929,left_tilt
377568,-0.0974,1.1167,1.0924,-0.6641,-0.2457,1.1160,left_tilt
377620,-0.1073,1.1134,1.0951,0.2831,-0.8373,0.2216,left_tilt
377672,-0.1144,1.1189,1.0948,0.3524,-0.9579,1.0495,left_tilt
377724,-0.1370,1.1197,1.0931,0.4597,-1.9643,0.8172,left_tilt
377776,-0.1426,1.1212,1.0948,0.1699,-2.1512,0.5947,left_tilt
377828,-0.1337,1.1230,1.0973,0.0527,-1.9999,0.0122,left_tilt
377880,-0.1285,1.1237,1.0893,-0.6045,-1.6284,-1.1638,left_tilt
377932,-0.1126,1.1212,1.0880,-2.0570,-1.4214,-2.2145,left_tilt
377984,-0.1244,1.1215,1.0878,-2.4587,-1.4679,-3.4123,left_tilt
378036,-0.1382,1.1195,1.0858,-2.7205,-1.7449,-3.7126,left_tilt
378088,-0.1180,1.1108,1.0884,-2.4994,-1.7954,-2.9482,left_tilt
378140,-0.1187,1.1121,1.0870,-1.9973,-1.5382,-2.1764,left_tilt
378192,-0.1258,1.1115,1.0922,-1.9452,-1.2148,-2.3772,left_tilt
378244,-0.1204,1.1114,1.0929,-2.3799,-1.2477,-2.4784,left_tilt
378296,-0.0941,1.1107,1.0927,-3.2071,-1.1259,-2.9257,left_tilt
378348,-0.0877,1.1048,1.0976,-4.8200,-1.0530,-3.9401,left_tilt
378400,-0.0878,1.0998,1.0898,-4.8889,-0.7747,-3.5134,left_tilt
378452,-0.0982,1.0921,1.0861,-4.7975,-0.2941,-3.1354,left_tilt
378504,-0.0747,1.0838,1.0785,-4.0403,-0.4974,-2.4407,left_tilt
378556,-0.0493,1.0769,1.0810,-3.0469,-0.3975,-2.1841,left_tilt
378608,-0.0686,1.0774,1.0855,-2.1880,-0.2992,-1.6964,left_tilt
378660,-0.0868,1.0731,1.0841,-1.6703,-0.2648,-0.5108,left_tilt
378712,-0.0868,1.0746,1.0808,-1.1737,-0.0938,-0.0387,left_tilt
378764,-0.1032,1.0766,1.0854,-0.7750,-0.2761,-0.0137,left_tilt
378816,-0.1109,1.0756,1.0867,-0.4468,-0.3319,-0.1371,left_tilt
378868,-0.1063,1.0754,1.0887,-0.2392,-0.4513,-0.2451,left_tilt
378920,-0.1007,1.0751,1.0862,-0.0151,-0.6583,-0.8780,left_tilt
378972,-0.1301,1.0741,1.0809,0.1596,-0.4529,0.0202,left_tilt
379024,-0.1316,1.0751,1.0736,0.3589,-0.4397,-0.2017,left_tilt
379076,-0.1295,1.0771,1.0727,0.3382,-0.4994,-0.3654,left_tilt
379128,-0.1286,1.0791,1.0730,0.3094,-0.3471,-0.6430,left_tilt
379180,-0.1100,1.0835,1.0782,0.2421,-0.2223,-0.9444,left_tilt
379232,-0.0891,1.0836,1.0786,0.2111,-0.0567,-0.6207,left_tilt
379284,-0.0721,1.0844,1.0845,0.1711,0.1688,-0.2686,left_tilt
379336,-0.0564,1.0854,1.0848,0.2185,0.1920,-0.4968,left_tilt
379388,-0.0681,1.0841,1.0879,0.2014,0.2289,-0.4321,left_tilt
379440,-0.0636,1.0860,1.0882,0.0351,0.2798,-0.4093,left_tilt
379492,-0.0645,1.0840,1.0890,-0.2110,0.2304,-0.1575,left_tilt
379544,-0.0769,1.0838,1.0886,-0.1498,0.1008,-0.1911,left_tilt
379596,-0.0843,1.0839,1.0902,-0.1848,-0.0761,-0.4745,left_tilt
379648,-0.0852,1.0839,1.0951,-0.6204,-0.1001,-0.8875,left_tilt
379700,-0.1111,1.0823,1.0942,-1.8483,-0.2384,-0.8958,left_tilt
379752,-0.0945,1.0778,1.0942,-2.8032,-0.0574,-1.3955,left_tilt
379804,-0.0689,1.0747,1.0944,-3.5579,-0.0852,-1.8090,left_tilt
379856,-0.0548,1.0682,1.0930,-4.3586,0.0071,-2.0574,left_tilt
379908,-0.0718,1.0655,1.0985,-4.8740,0.0291,-2.0897,left_tilt
379960,-0.0839,1.0599,1.0992,-5.6588,0.1138,-2.4530,left_tilt
380012,-0.0706,1.0554,1.0949,-6.3508,0.3037,-2.3344,left_tilt
380064,-0.0743,1.0473,1.0975,-6.8632,0.3289,-2.0288,left_tilt
380116,-0.1100,1.0409,1.0986,-8.1815,0.3094,-2.2592,left_tilt
380168,-0.1308,1.0319,1.0940,-8.9583,0.0556,-2.3901,left_tilt
380220,-0.1144,1.0267,1.0864,-10.8804,0.2770,-3.2581,left_tilt
380272,-0.1088,1.0179,1.0873,-12.8334,0.7213,-2.8915,left_tilt
380324,-0.0926,1.0048,1.0850,-14.3424,0.9775,-2.5493,left_tilt
380376,-0.0935,0.9894,1.0844,-15.2824,0.5718,-2.6634,left_tilt
380428,-0.1027,0.9725,1.0824,-16.5688,0.3007,-1.9882,left_tilt
380480,-0.1169,0.9545,1.0826,-16.9826,0.3815,-2.2893,left_tilt
380532,-0.1079,0.9417,1.0830,-17.4419,0.3041,-2.2325,left_tilt
380584,-0.1179,0.9271,1.0859,-18.6887,0.4850,-1.7015,left_tilt
380636,-0.1289,0.9048,1.0885,-19.8190,0.6877,-0.9821,left_tilt
380688,-0.1202,0.8819,1.0881,-19.6148,0.6239,-1.7623,left_tilt
380740,-0.1166,0.8590,1.0905,-19.1874,0.5149,-1.5788,left_tilt
380792,-0.1033,0.8374,1.0892,-18.4714,0.7940,-1.4549,left_tilt
380844,-0.1102,0.8194,1.0867,-16.5902,0.5838,-1.3588,left_tilt
380896,-0.1198,0.8101,1.0880,-14.5768,0.5942,-1.7110,left_tilt
380948,-0.1102,0.7989,1.0869,-13.5737,0.8163,-1.1836,left_tilt
381000,-0.1341,0.7898,1.0873,-12.8980,0.8184,-1.5265,left_tilt
381052,-0.1241,0.7809,1.0860,-13.8643,1.1239,-2.0207,left_tilt
381104,-0.1198,0.7701,1.0815,-14.3961,1.3652,-2.2451,left_tilt
381156,-0.1136,0.7598,1.0809,-16.2780,1.1812,-2.2001,left_tilt
381208,-0.0983,0.7413,1.0732,-17.0996,0.9683,-0.8085,left_tilt
381260,-0.0764,0.7235,1.0714,-17.1141,1.0011,-1.3150,left_tilt
381312,-0.0528,0.7067,1.0717,-17.3990,1.2822,-1.5507,left_tilt
381364,-0.0616,0.6872,1.0737,-16.2834,1.1194,-0.8004,left_tilt
381416,-0.0740,0.6783,1.0667,-16.6612,1.3433,-1.0978,left_tilt
381468,-0.0455,0.6663,1.0654,-17.5726,1.8553,-0.1343,left_tilt
381520,-0.0515,0.6515,1.0655,-17.5062,1.7122,-0.6825,left_tilt
381572,-0.0818,0.6399,1.0643,-18.5448,1.8710,-1.2798,left_tilt
381624,-0.1072,0.6222,1.0669,-20.2107,2.5751,-1.3669,left_tilt
381676,-0.1258,0.6153,1.0683,-21.9771,2.7705,-3.8686,left_tilt
381728,-0.1513,0.5757,1.0717,-25.3046,4.5741,-2.5844,left_tilt
381780,-0.1485,0.5624,1.0637,-27.0430,4.8521,-4.2564,left_tilt
381832,-0.1467,0.5305,1.0611,-25.8414,4.9417,-3.0046,left_tilt
381884,-0.1464,0.5074,1.0567,-25.3579,4.6225,-2.7849,left_tilt
381936,-0.1611,0.4836,1.0584,-23.4735,3.6985,-2.9938,left_tilt
381988,-0.1749,0.4715,1.0603,-21.3750,3.4890,-2.4526,left_tilt
382040,-0.1805,0.4589,1.0570,-19.5696,2.8176,-3.0501,left_tilt
382092,-0.1859,0.4452,1.0564,-18.0031,2.4744,-3.1587,left_tilt
382144,-0.1851,0.4345,1.0601,-16.9514,2.2854,-3.3814,left_tilt
382196,-0.1647,0.4241,1.0541,-16.9803,1.7417,-3.5962,left_tilt
382248,-0.1516,0.4084,1.0500,-17.4217,1.8427,-3.7208,left_tilt
382300,-0.1082,0.3961,1.0512,-18.3474,1.8517,-4.6524,left_tilt
382352,-0.0938,0.3763,1.0515,-17.8116,1.8941,-3.7550,left_tilt
382404,-0.0809,0.3600,1.0490,-16.8669,2.3692,-2.3394,left_tilt
382456,-0.0586,0.3483,1.0475,-16.1417,2.5217,-0.9916,left_tilt
382508,-0.0607,0.3370,1.0421,-14.9554,2.3766,-0.4951,left_tilt
382560,-0.0533,0.3239,1.0371,-13.8293,2.3522,-0.0215,left_tilt
382612,-0.0327,0.3220,1.0385,-13.0032,1.9249,-0.6946,left_tilt
382664,-0.0371,0.3124,1.0370,-12.4767,1.3878,-1.1872,left_tilt
382716,-0.0675,0.3030,1.0351,-11.7685,1.2175,-1.2516,left_tilt
382768,-0.0745,0.3005,1.0319,-10.6737,0.8371,-1.0878,left_tilt
382820,-0.0991,0.2960,1.0321,-10.0879,0.7999,-1.3308,left_tilt
382872,-0.1037,0.2850,1.0324,-9.7002,0.9549,-0.6855,left_tilt
382924,-0.1110,0.2862,1.0328,-10.5686,0.8667,-1.2090,left_tilt
382976,-0.1071,0.2723,1.0289,-10.0451,1.0923,-0.1759,left_tilt
383028,-0.0977,0.2694,1.0331,-9.6613,1.4865,0.5056,left_tilt
383080,-0.1193,0.2535,1.0398,-9.4353,0.2996,0.2294,left_tilt
383132,-0.1417,0.2420,1.0407,-9.6910,0.7379,2.0420,left_tilt
383184,-0.1268,0.2430,1.0437,-8.9735,1.1053,2.5868,left_tilt
383236,-0.1296,0.2397,1.0458,-7.8652,0.9824,3.0058,left_tilt
383288,-0.1267,0.2327,1.0460,-6.8228,1.2474,2.9166,left_tilt
383340,-0.1150,0.2317,1.0427,-6.0239,1.3541,2.7826,left_tilt
383392,-0.1232,0.2309,1.0434,-5.3803,1.6334,2.6846,left_tilt
383444,-0.1483,0.2323,1.0417,-4.7662,1.6232,2.6856,left_tilt
383496,-0.1681,0.2314,1.0398,-4.4718,1.8029,2.4192,left_tilt
383548,-0.1649,0.2279,1.0408,-3.6363,1.4397,1.6137,left_tilt
383600,-0.1438,0.2253,1.0488,-2.3847,0.9354,1.8655,left_tilt
383652,-0.1525,0.2221,1.0496,-2.7743,1.2190,2.7265,left_tilt
383704,-0.1157,0.2261,1.0465,-2.2096,0.8475,1.6672,left_tilt
383756,-0.1031,0.2276,1.0470,-1.9426,0.6097,1.3129,left_tilt
383808,-0.0870,0.2261,1.0520,-1.6572,0.5936,1.1775,left_tilt
383860,-0.1091,0.2221,1.0450,-1.4732,1.1288,2.3105,left_tilt
383912,-0.1130,0.2235,1.0422,-1.7718,1.0546,2.2122,left_tilt
383964,-0.0861,0.2265,1.0438,-1.8289,1.3602,2.2329,left_tilt
384016,-0.0765,0.2279,1.0430,-1.6793,1.1757,1.6082,left_tilt
384068,-0.0782,0.2268,1.0461,-1.8679,1.3334,2.3420,left_tilt
384120,-0.0691,0.2277,1.0458,-2.2296,1.6901,2.4878,left_tilt
384172,-0.1040,0.2285,1.0512,-2.8196,1.8548,1.9908,left_tilt
384224,-0.1241,0.2215,1.0493,-3.5069,2.1286,1.9962,left_tilt
384276,-0.1355,0.2185,1.0504,-4.3713,2.2331,1.6768,left_tilt
384328,-0.1470,0.2286,1.0513,-6.0643,2.8908,0.2763,left_tilt
384380,-0.1579,0.2174,1.0434,-6.7622,3.8032,0.2933,left_tilt
384432,-0.1484,0.2116,1.0406,-7.8396,4.4980,1.4504,left_tilt
384484,-0.1294,0.2073,1.0443,-5.6588,4.5255,4.2601,left_tilt
384536,-0.1353,0.1879,1.0354,-5.8684,5.3003,6.3933,left_tilt
384588,-0.1291,0.1919,1.0357,-5.6146,5.0880,6.5029,left_tilt
384640,-0.1346,0.1918,1.0407,-4.1719,4.1579,5.7708,left_tilt
384692,-0.1270,0.1899,1.0275,-3.2224,3.3390,4.8018,left_tilt
384744,-0.1137,0.1860,1.0289,-2.1085,2.3801,3.9473,left_tilt
384796,-0.0939,0.1888,1.0241,-2.1747,2.1885,3.6164,left_tilt
384848,-0.0950,0.1932,1.0239,-1.8566,1.5879,2.7608,left_tilt
384900,-0.1117,0.1950,1.0302,-1.3426,1.4647,2.4061,left_tilt
384952,-0.1229,0.1979,1.0285,-0.3773,0.7921,1.8093,left_tilt
385004,-0.1347,0.1964,1.0232,-0.8614,1.3959,2.3762,left_tilt
385056,-0.1065,0.1925,1.0216,-1.1022,1.6241,3.2923,left_tilt
385108,-0.0831,0.1921,1.0249,-1.0643,1.7654,3.0985,left_tilt
385160,-0.1054,0.1921,1.0280,-0.5470,1.0143,2.5037,left_tilt
385212,-0.0939,0.1943,1.0220,-0.4766,1.1188,2.1607,left_tilt
385264,-0.0819,0.1963,1.0219,-0.5669,1.2802,2.1092,left_tilt
385316,-0.0662,0.1970,1.0281,-0.5368,1.4674,2.4665,left_tilt
385368,-0.0424,0.1889,1.0245,-0.7723,1.2629,2.9737,left_tilt
385420,-0.0662,0.1889,1.0251,-0.9790,1.1955,2.4420,left_tilt
385472,-0.0546,0.1910,1.0253,-0.9886,0.9630,2.2091,left_tilt
385524,-0.0593,0.1934,1.0258,-0.6772,0.7663,1.9556,left_tilt
385576,-0.0621,0.1959,1.0303,-0.4113,0.5769,2.0306,left_tilt
385628,-0.0652,0.1939,1.0359,-0.6750,0.5093,2.2647,left_tilt
385680,-0.0719,0.1945,1.0324,-0.5057,0.1255,1.4443,left_tilt
385732,-0.0779,0.1874,1.0344,-0.1428,-0.0289,1.1071,left_tilt
385784,-0.0939,0.1894,1.0373,-0.4525,0.2659,0.5518,left_tilt
385836,-0.0779,0.1916,1.0364,-0.1339,0.2910,0.8297,left_tilt
385888,-0.0936,0.1923,1.0374,0.0203,0.2180,0.4933,left_tilt
385940,-0.0921,0.1924,1.0363,0.2246,-0.5366,-0.2949,left_tilt
385992,-0.1098,0.1905,1.0408,0.2673,-0.4349,-0.5210,left_tilt
386044,-0.0955,0.1913,1.0474,0.2359,-0.2711,-1.0041,left_tilt
386096,-0.1214,0.1956,1.0482,-0.0014,-0.3584,-0.4806,left_tilt
386148,-0.1180,0.1960,1.0530,-0.0905,-0.0954,-0.5596,left_tilt
386200,-0.1320,0.2004,1.0382,0.1572,-0.2927,-0.6349,left_tilt
386252,-0.1729,0.2028,1.0461,0.1433,-0.1161,-0.2021,left_tilt
386304,-0.1604,0.2008,1.0428,-0.1366,0.0435,0.5900,left_tilt
386356,-0.1389,0.2013,1.0408,-0.0842,0.0871,0.8236,left_tilt
386408,-0.1273,0.1986,1.0397,-0.0713,0.1969,1.1815,left_tilt
386460,-0.1180,0.1966,1.0388,0.2185,-0.1871,0.7869,left_tilt
386512,-0.1267,0.2024,1.0395,0.3602,-0.4392,-0.2066,left_tilt
386564,-0.1466,0.2046,1.0441,0.2583,-0.7021,-0.9312,left_tilt
386616,-0.1581,0.2055,1.0520,0.1920,-0.4177,-0.8315,left_tilt
386668,-0.1767,0.2034,1.0545,-0.2549,0.3824,0.3826,left_tilt
386720,-0.1900,0.2042,1.0619,-0.3544,0.7369,0.9097,left_tilt
386772,-0.1776,0.2034,1.0626,-0.5805,0.7610,1.0244,left_tilt
386824,-0.1754,0.1990,1.0537,-0.3553,0.3833,0.8231,left_tilt
386876,-0.1666,0.1963,1.0501,-0.0210,0.0292,0.7399,left_tilt
386928,-0.1621,0.1963,1.0508,-0.2665,0.4101,0.9664,left_tilt
386980,-0.1513,0.1944,1.0463,0.1279,0.1148,0.2042,left_tilt
387032,-0.1587,0.1954,1.0423,0.0267,-0.0680,-0.2316,left_tilt
387084,-0.1729,0.1975,1.0512,-0.0207,-0.3593,-0.7084,left_tilt
387136,-0.1484,0.1984,1.0545,-0.0098,-0.2549,-0.7540,left_tilt
387188,-0.1469,0.1979,1.0543,-0.4285,0.3721,0.3530,left_tilt
387240,-0.1611,0.1965,1.0580,-0.6994,0.8341,1.4325,left_tilt
387292,-0.1594,0.1946,1.0563,-0.9360,1.1685,2.2335,left_tilt
387344,-0.1256,0.1937,1.0619,-0.9466,1.2146,2.1522,left_tilt
387396,-0.1087,0.1947,1.0652,-1.0726,1.2119,2.4795,left_tilt
387448,-0.1094,0.1917,1.0711,-1.2360,1.2585,2.5414,left_tilt
387500,-0.0918,0.1909,1.0621,-0.6889,0.7691,2.0214,left_tilt
387552,-0.1266,0.1927,1.0610,-0.3382,0.1700,1.6665,left_tilt
387604,-0.1273,0.1949,1.0628,-0.6134,0.4051,1.7352,left_tilt
387656,-0.1188,0.1928,1.0623,-0.4305,0.0131,1.1917,left_tilt
387708,-0.1235,0.1922,1.0585,-0.4934,-0.2226,0.9447,left_tilt
387760,-0.1242,0.1928,1.0543,-0.2108,-0.6570,-0.0529,left_tilt
387812,-0.1308,0.1966,1.0613,0.1542,-0.9435,-0.9212,left_tilt
387864,-0.1351,0.2003,1.0612,-0.0546,-0.7222,-0.3273,left_tilt
387916,-0.1281,0.1937,1.0610,0.0150,-0.4247,0.3005,left_tilt
387968,-0.1166,0.1921,1.0617,-0.0667,-0.6110,0.6302,left_tilt
388020,-0.1175,0.1920,1.0503,0.2328,-0.7051,0.0665,left_tilt
388072,-0.1290,0.1939,1.0486,0.3976,-0.8247,-0.3097,left_tilt
388124,-0.1179,0.1885,1.0486,0.4027,-0.5051,0.0718,left_tilt
388176,-0.1430,0.1836,1.0520,0.8633,-0.7822,-0.4016,left_tilt
388228,-0.1475,0.1878,1.0482,0.8898,-1.0421,-0.4200,left_tilt
388280,-0.1638,0.1901,1.0565,0.6850,-0.8882,-0.6836,left_tilt
388332,-0.1490,0.1934,1.0533,0.3426,-0.9208,-0.7204,left_tilt
388384,-0.1341,0.1950,1.0502,-0.0398,-0.3300,-0.4430,left_tilt
388436,-0.1380,0.1975,1.0513,-0.0724,-0.0620,-0.2272,left_tilt
388488,-0.1485,0.1971,1.0521,-0.0175,-0.2797,-0.3095,left_tilt
388540,-0.1490,0.1995,1.0505,0.0340,0.3065,0.0781,left_tilt
388592,-0.1520,0.1975,1.0491,0.2050,0.1067,0.5897,left_tilt
388644,-0.1409,0.1947,1.0493,0.2395,-0.1462,-0.0194,left_tilt
388696,-0.1450,0.1968,1.0507,0.1113,0.2026,-0.0104,left_tilt
388748,-0.1632,0.1982,1.0525,0.1554,0.2022,-0.4200,left_tilt
388800,-0.1712,0.1945,1.0500,0.2074,0.0309,-0.3050,left_tilt
388852,-0.1783,0.1986,1.0538,0.1895,-0.0816,-0.7473,left_tilt
388904,-0.1633,0.2013,1.0473,0.0439,0.3626,0.3004,left_tilt
388956,-0.1567,0.1973,1.0484,-0.2680,0.4417,1.3141,left_tilt
389008,-0.1872,0.1967,1.0528,-0.2504,0.5584,1.1525,left_tilt
389060,-0.2102,0.1929,1.0564,-0.2225,0.6121,1.6126,left_tilt
389112,-0.2166,0.1944,1.0584,-0.3316,0.2932,0.9608,left_tilt
389164,-0.2252,0.1979,1.0568,-0.4829,0.4472,1.1859,left_tilt
389216,-0.2238,0.1966,1.0489,-0.8116,0.9430,2.0195,left_tilt
389268,-0.2227,0.1964,1.0543,-0.8288,0.6907,1.9916,left_tilt
389320,-0.2452,0.1945,1.0529,-0.6074,0.6553,1.6014,left_tilt
389372,-0.2343,0.1951,1.0551,-0.4593,0.6469,1.3565,left_tilt
389424,-0.2271,0.1974,1.0552,-0.6629,0.2768,1.2735,left_tilt
389476,-0.2181,0.1987,1.0573,-0.6426,0.2127,1.4559,left_tilt
389528,-0.2521,0.2002,1.0594,-0.3211,-0.0813,0.8385,left_tilt
389580,-0.2447,0.2021,1.0563,-0.5753,0.2927,1.2484,left_tilt
389632,-0.2312,0.2000,1.0591,-0.7801,0.4881,1.8740,left_tilt
389684,-0.2112,0.1987,1.0591,-0.8051,0.5604,2.0341,left_tilt
389736,-0.2114,0.1929,1.0584,-0.5839,0.2228,1.3713,left_tilt
389788,-0.2013,0.1946,1.0527,-0.5000,0.2199,1.1265,left_tilt
389840,-0.1868,0.1941,1.0528,-0.7032,0.5657,1.7887,left_tilt
389892,-0.1622,0.1935,1.0518,-0.4870,0.4225,1.1903,left_tilt
389944,-0.1771,0.1942,1.0576,-0.4500,0.1812,0.6901,left_tilt
389996,-0.2022,0.1967,1.0562,-0.3746,-0.0454,-0.3711,left_tilt
390048,-0.2069,0.1999,1.0634,-0.0975,-0.3397,-0.4093,left_tilt
390100,-0.2064,0.1988,1.0648,-0.1475,-0.3064,-0.7331,left_tilt
390152,-0.2016,0.1951,1.0612,0.3086,-0.6217,-0.5768,left_tilt
390204,-0.1870,0.1977,1.0596,0.1040,-0.3839,-0.3251,left_tilt
390256,-0.2166,0.1994,1.0591,-0.0443,-0.0823,-0.0794,left_tilt
390308,-0.2348,0.1969,1.0562,-0.1371,0.1087,-0.0401,left_tilt
390360,-0.2186,0.2006,1.0554,-0.4846,0.5027,-0.3492,left_tilt
390412,-0.2089,0.1944,1.0504,-0.1900,0.2148,-0.3246,left_tilt
390464,-0.2014,0.1937,1.0488,-0.0124,-0.0261,-0.7523,left_tilt
390516,-0.1710,0.1949,1.0393,0.0594,-0.0815,-0.3250,left_tilt
390568,-0.1777,0.1931,1.0393,-0.0922,0.0666,0.6015,left_tilt
390620,-0.1678,0.1936,1.0419,0.0017,-0.3661,-0.1732,left_tilt
390672,-0.1647,0.1970,1.0392,0.0417,-0.5108,-0.4312,left_tilt
390724,-0.1552,0.1963,1.0449,0.0615,-0.4295,-0.4804,left_tilt
390776,-0.1566,0.1956,1.0501,-0.0356,-0.0699,-0.0754,left_tilt
390828,-0.1709,0.1929,1.0464,-0.0293,-0.1043,-0.1178,left_tilt
390880,-0.2079,0.1944,1.0474,0.3406,-0.6555,-0.6541,left_tilt
390932,-0.1851,0.1953,1.0463,-0.0490,-0.4720,-0.2418,left_tilt
390984,-0.1748,0.1969,1.0413,-0.3622,-0.1878,0.3551,left_tilt
391036,-0.1645,0.1971,1.0504,-0.8830,0.1220,0.6922,left_tilt
391088,-0.1423,0.1986,1.0468,-1.0431,0.2629,0.8123,left_tilt
391140,-0.1480,0.1977,1.0434,-0.6537,0.1039,0.7251,left_tilt
391192,-0.1198,0.1965,1.0455,-0.6765,0.1432,0.2646,left_tilt
391244,-0.1233,0.1961,1.0391,-0.8336,0.2020,0.5526,left_tilt
391296,-0.1346,0.1908,1.0408,-0.6219,-0.1219,0.1510,left_tilt
391348,-0.1415,0.1893,1.0490,-1.0373,0.1915,0.5701,left_tilt
391400,-0.1421,0.1902,1.0516,-1.2292,0.5262,1.0307,left_tilt
391452,-0.1314,0.1904,1.0510,-1.3491,0.3375,0.4510,left_tilt
391504,-0.1313,0.1893,1.0520,-1.5091,0.3575,1.4483,left_tilt
391556,-0.1455,0.1878,1.0549,-1.2082,0.0177,1.2446,left_tilt
391608,-0.1393,0.1882,1.0493,-1.2529,-0.2708,0.9886,left_tilt
391660,-0.1254,0.1855,1.0500,-1.3329,-0.6330,-0.1308,left_tilt
391712,-0.1176,0.1840,1.0477,-1.3832,-0.4922,-0.2079,left_tilt
391764,-0.1268,0.1835,1.0512,-1.5593,-0.2544,0.1563,left_tilt
391816,-0.1259,0.1834,1.0553,-1.7842,-0.4885,-0.7172,left_tilt
391868,-0.1059,0.1836,1.0530,-2.3641,-0.5476,-1.6450,left_tilt
391920,-0.1144,0.1877,1.0472,-2.5440,-0.2468,-2.2804,left_tilt
391972,-0.1160,0.1848,1.0484,-3.7765,-0.7344,-4.9506,left_tilt
392024,-0.1032,0.1900,1.0472,-5.2114,-1.8267,-4.9859,left_tilt
392076,-0.0948,0.1846,1.0463,-6.7318,-1.0090,-5.4096,left_tilt
392128,-0.0910,0.2010,1.0346,-11.4168,-0.2953,-6.1653,left_tilt
392180,-0.1026,0.1895,1.0380,-15.1175,-0.1625,-5.5150,left_tilt
392232,-0.1133,0.1970,1.0344,-20.1391,-1.7448,-1.0268,left_tilt
392284,-0.1172,0.1771,1.0355,-21.8786,-2.1038,2.0310,left_tilt
392336,-0.1074,0.1451,1.0291,-23.6655,-1.0581,4.7062,left_tilt
392388,-0.1005,0.1232,1.0251,-22.9592,-1.5743,6.0204,left_tilt
392440,-0.0901,0.1138,1.0221,-21.0202,-2.1215,2.9894,left_tilt
392492,-0.0783,0.1144,1.0212,-19.0719,-2.3914,-0.0263,left_tilt
392544,-0.0767,0.1147,1.0214,-16.7897,-1.6684,-2.4557,left_tilt
392596,-0.0895,0.1196,1.0224,-14.7028,-2.4320,-3.3457,left_tilt
392648,-0.1115,0.1126,1.0196,-14.5387,-2.9772,-3.8654,left_tilt
392700,-0.0859,0.1117,1.0201,-14.7173,-2.1477,-3.4888,left_tilt
392752,-0.0840,0.1186,1.0220,-14.3503,-2.4001,-4.1508,left_tilt
392804,-0.0837,0.1123,1.0208,-13.8872,-2.1471,-5.3431,left_tilt
392856,-0.0842,0.1047,1.0168,-14.7213,-1.5997,-4.5549,left_tilt
392908,-0.0782,0.0999,1.0132,-16.5428,-1.4075,-3.6984,left_tilt
392960,-0.0756,0.0679,1.0100,-16.6564,-3.1576,-3.9780,left_tilt
393012,-0.0649,0.0655,1.0073,-16.2939,-4.3577,-5.4354,left_tilt
393064,-0.0623,0.0599,1.0031,-13.8497,-6.3422,-5.0012,left_tilt
393116,-0.0426,0.0537,1.0052,-17.8868,-1.1206,0.7384,left_tilt
393168,-0.0570,0.0450,0.9980,-15.9179,-2.5632,3.9958,left_tilt
393220,-0.0373,0.0690,0.9934,-20.1642,2.8721,6.6827,left_tilt
393272,-0.0547,0.0608,0.9925,-17.5291,-0.4347,7.4138,left_tilt
393324,-0.0539,0.0487,0.9893,-18.0577,1.3183,6.0598,left_tilt
393376,-0.0492,0.0341,0.9936,-12.0074,-0.9922,4.6972,left_tilt
393428,-0.0509,0.0213,0.9915,-7.2296,0.3273,5.8010,left_tilt
393480,-0.0783,0.0277,0.9913,-2.8991,-1.6323,5.2672,left_tilt
393532,-0.0658,-0.0202,0.9906,-1.2392,-3.8810,0.7715,left_tilt
393584,-0.0795,0.0111,0.9918,-2.1433,-3.4493,-2.7838,left_tilt
393636,-0.1100,0.0497,0.9867,-1.4667,-5.3926,-6.0617,left_tilt
393688,-0.1134,0.0630,0.9838,-1.8765,-5.7502,-6.7786,left_tilt
393740,-0.1091,0.0629,0.9848,-3.4242,-4.0562,-4.2911,left_tilt
393792,-0.1141,0.0466,0.9845,-3.8577,-3.5499,-3.1377,left_tilt
393844,-0.1552,0.0416,0.9911,-4.4489,-2.7417,0.3483,left_tilt
393896,-0.1731,0.0312,0.9981,-3.4699,-2.5746,0.7387,left_tilt
393948,-0.1532,0.0278,0.9948,-2.7126,-1.6210,0.7686,left_tilt
394000,-0.1558,0.0263,0.9925,-1.7297,-2.7696,0.4886,left_tilt
394052,-0.1452,0.0304,0.9922,-1.3908,-2.7374,-0.9750,left_tilt
394104,-0.1344,0.0241,0.9840,-1.0249,-1.9742,-0.9948,left_tilt
394156,-0.1412,0.0121,0.9858,-1.3505,-1.2659,-0.0869,left_tilt
394208,-0.1329,0.0102,0.9826,-1.4324,-0.5466,0.3264,left_tilt
394260,-0.1335,0.0184,0.9806,-1.8369,-0.8643,0.1196,left_tilt
394312,-0.1363,0.0296,0.9741,-1.2093,-1.2375,-1.6153,left_tilt
394364,-0.1509,0.0306,0.9851,-1.5958,-0.9178,0.5739,left_tilt
394416,-0.1479,0.0365,0.9871,-1.4515,-0.8040,0.0215,left_tilt
394468,-0.1392,0.0398,0.9880,-1.2140,-0.4030,-0.1258,left_tilt
394520,-0.0913,0.0368,0.9878,-1.0026,-0.3265,-0.0208,left_tilt
394572,-0.1213,0.0368,0.9880,-0.7785,-0.6577,-0.2955,left_tilt
394624,-0.1102,0.0290,0.9899,-0.1381,-0.4799,0.5168,left_tilt
394676,-0.0995,0.0217,0.9912,-0.0717,-0.5682,1.1025,left_tilt
394728,-0.1032,0.0297,0.9859,-0.0460,-0.3167,-0.0855,left_tilt
394780,-0.1097,0.0426,0.9857,-0.0743,-0.4788,0.5199,left_tilt
394832,-0.1219,0.0352,0.9897,0.1733,-0.2086,0.8241,left_tilt
394884,-0.1348,0.0240,0.9760,0.7241,-0.6656,0.9681,left_tilt
394936,-0.1236,0.0252,0.9788,2.0685,-1.8221,0.8529,left_tilt
394988,-0.1199,0.0243,0.9793,2.6631,-2.5809,0.0095,left_tilt
395040,-0.1161,0.0348,0.9879,4.7831,-4.2795,-1.4301,left_tilt
395092,-0.1036,0.0275,0.9932,6.5141,-5.0659,-0.6413,left_tilt
395144,-0.1125,0.0373,0.9958,9.9509,-7.2858,-0.2988,left_tilt
395196,-0.1171,0.0311,0.9905,12.1156,-8.3183,-1.6065,left_tilt
395248,-0.1162,0.0449,0.9914,14.1084,-9.2969,-4.1228,left_tilt
395300,-0.1124,0.0327,0.9996,18.0340,-8.3531,-5.3497,left_tilt
395352,-0.1077,0.0589,0.9968,16.8248,-6.6118,-7.4167,left_tilt
395404,-0.1281,0.0433,1.0046,21.0147,-6.1836,-9.1618,left_tilt
395456,-0.1061,0.0665,1.0048,20.1025,-5.1464,-6.3564,left_tilt
395508,-0.1385,0.0517,1.0042,21.5254,-4.5808,-5.7274,left_tilt
395560,-0.1573,0.0899,1.0078,22.0943,-5.1634,-9.6761,left_tilt
395612,-0.1529,0.0794,1.0115,19.4425,-4.6646,-6.3770,left_tilt
395664,-0.1505,0.0996,1.0231,19.2738,-5.0839,-4.6996,left_tilt
395716,-0.1478,0.0917,1.0289,15.5754,-3.8636,-3.8676,left_tilt
395768,-0.1448,0.0890,1.0304,14.4793,-3.3774,-3.4203,left_tilt
395820,-0.1511,0.0937,1.0319,14.4559,-2.4389,-4.3174,left_tilt
395872,-0.1504,0.0939,1.0338,14.8341,-1.2453,-5.0336,left_tilt
395924,-0.1451,0.0942,1.0414,17.0466,-2.2110,-4.8508,left_tilt
395976,-0.1326,0.1096,1.0413,16.5601,-2.1500,-3.8664,left_tilt
396028,-0.1343,0.1128,1.0321,15.6503,-2.2738,-2.4407,left_tilt
396080,-0.1236,0.1157,1.0320,13.7972,-2.1788,-2.4971,left_tilt
396132,-0.1229,0.1169,1.0341,13.6247,-1.8052,-1.7789,left_tilt
396184,-0.1350,0.1212,1.0329,13.6241,-2.2116,-1.3081,left_tilt
396236,-0.1552,0.1149,1.0379,14.2313,-1.7749,0.3006,left_tilt
396288,-0.1435,0.1282,1.0395,16.2590,-3.2470,0.4394,left_tilt
396340,-0.1347,0.1384,1.0412,15.6277,-2.5818,0.2818,left_tilt
396392,-0.1611,0.1535,1.0400,15.8753,-3.6391,0.5405,left_tilt
396444,-0.1501,0.1616,1.0336,13.7025,-2.8207,0.8344,left_tilt
396496,-0.1557,0.1592,1.0348,13.2268,-3.1660,1.0497,left_tilt
396548,-0.1323,0.1716,1.0344,12.2554,-2.5598,1.1654,left_tilt
396600,-0.1415,0.1746,1.0353,11.9943,-2.8550,1.4641,left_tilt
396652,-0.1390,0.1831,1.0359,13.1289,-3.0271,2.0314,left_tilt
396704,-0.1397,0.1893,1.0403,13.0763,-3.1830,1.7447,left_tilt
396756,-0.1333,0.1918,1.0472,13.4694,-3.2834,1.2130,left_tilt
396808,-0.1467,0.1915,1.0482,15.4922,-3.4506,1.3098,left_tilt
396860,-0.1364,0.2078,1.0533,16.9578,-4.1295,0.1751,left_tilt
396912,-0.1253,0.2132,1.0462,18.2280,-4.5322,0.0093,left_tilt
396964,-0.1356,0.2302,1.0462,18.7495,-4.5840,-0.0547,left_tilt
397016,-0.1322,0.2352,1.0501,18.3468,-4.4271,-0.1669,left_tilt
397068,-0.1185,0.2507,1.0428,18.4919,-4.2358,-0.8552,left_tilt
397120,-0.1382,0.2602,1.0454,18.9988,-4.5943,-1.2104,left_tilt
397172,-0.1551,0.2750,1.0521,20.3142,-4.2979,-1.3143,left_tilt
397224,-0.1618,0.2771,1.0571,22.9772,-2.8730,-2.4143,left_tilt
397276,-0.1743,0.3118,1.0602,28.9550,-3.1864,-3.1768,left_tilt
397328,-0.1974,0.3117,1.0624,32.8166,-3.8495,-2.2295,left_tilt
397380,-0.2150,0.3553,1.0675,35.2845,-4.8562,-1.2167,left_tilt
397432,-0.2198,0.3708,1.0561,35.3717,-5.2707,0.0043,left_tilt
397484,-0.2092,0.4045,1.0586,35.7637,-5.2192,0.6497,left_tilt
397536,-0.1718,0.4342,1.0625,33.7277,-4.8237,1.5615,left_tilt
397588,-0.1607,0.4618,1.0669,32.1599,-4.0097,0.0359,left_tilt
397640,-0.1431,0.4828,1.0738,29.5530,-3.3355,0.2995,left_tilt
397692,-0.1354,0.5116,1.0780,26.4202,-2.6756,-0.0836,left_tilt
397744,-0.1665,0.5323,1.0815,23.5842,-2.9201,1.1275,left_tilt
397796,-0.1642,0.5504,1.0832,20.5932,-2.4150,0.2934,left_tilt
397848,-0.1723,0.5490,1.0856,18.8920,-2.0033,0.3482,left_tilt
397900,-0.1790,0.5671,1.0874,19.3906,-1.5976,0.3279,left_tilt
397952,-0.1880,0.5712,1.0901,20.3132,-1.4059,-0.1677,left_tilt
398004,-0.1835,0.5848,1.0904,22.3566,-1.3441,-2.8726,left_tilt
398056,-0.2045,0.6061,1.0917,23.3638,-1.4534,-2.7144,left_tilt
398108,-0.2191,0.6329,1.0903,24.6749,-1.5333,-4.1695,left_tilt
398160,-0.2081,0.6684,1.0958,24.2688,-2.1086,-3.9137,left_tilt
398212,-0.2013,0.6910,1.0991,24.3822,-2.0650,-3.7335,left_tilt
398264,-0.1789,0.7187,1.1014,22.5507,-2.1401,-3.2840,left_tilt
398316,-0.1641,0.7418,1.0995,21.1939,-2.1589,-2.8802,left_tilt
398368,-0.1319,0.7694,1.1019,16.9756,-2.6763,-3.8700,left_tilt
398420,-0.1105,0.7781,1.1028,14.2056,-2.6978,-3.6253,left_tilt
398472,-0.1168,0.7851,1.0989,12.0858,-2.7227,-3.5028,left_tilt
398524,-0.1262,0.7905,1.1001,11.1807,-3.0983,-3.4323,left_tilt
398576,-0.1308,0.7864,1.1023,10.9911,-3.8843,-4.5774,left_tilt
398628,-0.1454,0.7780,1.1047,14.5691,-6.2382,-4.9286,left_tilt
398680,-0.1348,0.8017,1.1099,16.0315,-7.9978,-4.3286,left_tilt
398732,-0.1177,0.8204,1.1021,17.8763,-7.3886,-6.1952,left_tilt
398784,-0.1109,0.8376,1.1087,19.3765,-6.6112,-5.9954,left_tilt
398836,-0.0725,0.8630,1.0970,19.6805,-5.2350,-5.1653,left_tilt
398888,-0.0756,0.8942,1.0974,17.4596,-4.0013,-3.8874,left_tilt
398940,-0.0785,0.9072,1.0927,15.7210,-3.4601,-3.4270,left_tilt
398992,-0.0774,0.9273,1.0989,13.9912,-3.1096,-3.6938,left_tilt
399044,-0.0843,0.9365,1.0999,12.1952,-2.7773,-3.1896,left_tilt
399096,-0.0693,0.9503,1.1016,11.3874,-2.3969,-2.7298,left_tilt
399148,-0.0900,0.9627,1.0983,10.4006,-2.4728,-3.3574,left_tilt
399200,-0.0985,0.9702,1.0871,10.9670,-2.2938,-4.0457,left_tilt
399252,-0.0968,0.9836,1.0844,10.6491,-2.5720,-3.1567,left_tilt
399304,-0.0794,0.9926,1.0934,9.3138,-2.2327,-2.0684,left_tilt
399356,-0.0718,0.9960,1.0987,7.9830,-0.8147,-3.3076,left_tilt
399408,-0.0984,0.9967,1.0961,6.4054,-0.7643,-1.0700,left_tilt
399460,-0.0886,1.0115,1.0961,4.8716,-0.9651,-0.8937,left_tilt
399512,-0.0922,1.0172,1.1017,4.0674,-1.4755,-1.9801,left_tilt
399564,-0.1140,1.0152,1.0980,3.2302,-1.6578,-1.8523,left_tilt
399616,-0.1076,1.0157,1.0974,3.0642,-1.6174,-1.9012,left_tilt
399668,-0.1079,1.0203,1.1020,2.3101,-1.3774,-2.2243,left_tilt
399720,-0.1359,1.0232,1.1011,1.7098,-0.9045,-1.6156,left_tilt
399772,-0.1089,1.0215,1.1065,0.7044,-0.5796,-0.9820,left_tilt
399824,-0.0871,1.0156,1.1114,-0.0450,-0.4877,-0.4004,left_tilt
399876,-0.0872,1.0184,1.1114,0.1571,-0.2477,-0.4435,left_tilt
399928,-0.1037,1.0173,1.1034,0.1904,-0.3992,0.2656,left_tilt
399980,-0.0728,1.0214,1.1088,-0.0287,-0.5021,0.3534,left_tilt
400032,-0.1083,1.0228,1.1049,-0.0177,-0.5447,0.4084,left_tilt
400084,-0.0931,1.0221,1.1059,0.0247,0.0502,1.3181,left_tilt
400136,-0.1094,1.0219,1.1038,0.5059,0.3765,1.4488,left_tilt
400188,-0.0989,1.0220,1.1021,-0.0709,0.3673,1.4955,left_tilt
400240,-0.0838,1.0189,1.0973,0.1287,0.5447,1.3633,left_tilt
400292,-0.0696,1.0220,1.0958,0.3922,-0.0264,0.2087,left_tilt
400344,-0.0614,1.0206,1.0952,0.9190,-0.5336,-0.9547,left_tilt
400396,-0.0632,1.0226,1.0964,0.8992,-0.6112,-0.9480,left_tilt
400448,-0.0451,1.0228,1.0894,1.0223,-0.6717,-0.5243,left_tilt
400500,-0.0487,1.0212,1.0948,0.7865,-0.2773,-0.0571,left_tilt
400552,-0.0508,1.0228,1.0983,0.8238,-0.5054,-0.3902,left_tilt
400604,-0.0717,1.0252,1.1000,0.8154,-0.7886,-1.1636,left_tilt
400656,-0.0848,1.0288,1.0994,0.7797,-0.8365,-1.6449,left_tilt
400708,-0.1057,1.0322,1.0988,0.6504,-0.9191,-1.9154,left_tilt
400760,-0.0949,1.0286,1.0980,0.3576,-0.9424,-1.5028,left_tilt
400812,-0.1034,1.0300,1.1006,0.6150,-0.8023,-1.7468,left_tilt
400864,-0.1016,1.0286,1.0956,1.2622,-0.8307,-2.1114,left_tilt
400916,-0.1024,1.0229,1.0965,1.1890,-0.6336,-1.7909,left_tilt
400968,-0.0998,1.0224,1.0979,1.1137,-0.6850,-1.3208,left_tilt
401020,-0.0977,1.0186,1.0978,0.6657,-0.1628,-0.0317,left_tilt
401072,-0.1144,1.0258,1.0968,0.6569,-0.3451,-0.3547,left_tilt
401124,-0.1331,1.0315,1.0942,0.8285,-0.8954,-1.2451,left_tilt
401176,-0.1203,1.0330,1.0928,0.3077,-0.4411,-1.0856,left_tilt
401228,-0.1450,1.0360,1.0985,-1.0829,-0.1585,-0.8039,left_tilt
401280,-0.1305,1.0403,1.0931,-4.3634,0.2920,-1.0380,left_tilt
401332,-0.1299,1.0363,1.0910,-6.8580,0.1913,-0.5856,left_tilt
401384,-0.1136,1.0375,1.0990,-12.1483,0.1871,0.0190,left_tilt
401436,-0.0890,1.0388,1.1022,-17.5515,-0.7399,-1.7003,left_tilt
401488,-0.0897,1.0233,1.0983,-25.7657,-0.8831,-0.9353,left_tilt
401540,-0.0898,0.9905,1.0996,-30.3096,-0.5976,0.3851,left_tilt
401592,-0.0810,0.9720,1.0934,-37.8104,-0.3539,2.1696,left_tilt
401644,-0.0370,0.9089,1.0911,-39.3805,-1.0522,3.9362,left_tilt
401696,-0.0160,0.8700,1.0915,-41.2930,-2.1344,2.5281,left_tilt
401748,-0.0154,0.8239,1.0880,-40.7024,-2.4628,2.9985,left_tilt
401800,-0.0048,0.7807,1.0877,-40.7781,-2.7957,3.6940,left_tilt
401852,-0.0099,0.7392,1.0866,-39.0096,-3.0590,4.3022,left_tilt
401904,0.0006,0.7046,1.0835,-36.1642,-3.2376,3.7232,left_tilt
401956,-0.0006,0.6697,1.0801,-33.2528,-2.6262,4.4569,left_tilt
402008,-0.0191,0.6463,1.0795,-30.5314,-2.1845,4.4179,left_tilt
402060,-0.0077,0.6199,1.0767,-27.3114,-1.9700,5.7883,left_tilt
402112,-0.0159,0.5982,1.0739,-24.4958,-1.8610,7.5853,left_tilt
402164,-0.0254,0.5799,1.0746,-22.5395,-1.8105,7.9054,left_tilt
402216,-0.0465,0.5631,1.0752,-20.8279,-2.1838,7.8439,left_tilt
402268,-0.0543,0.5475,1.0717,-20.1929,-1.7298,6.6665,left_tilt
402320,-0.0451,0.5250,1.0742,-20.1842,-1.7101,5.0818,left_tilt
402372,-0.0831,0.5101,1.0726,-19.1513,-1.1600,5.3071,left_tilt
402424,-0.0893,0.4931,1.0763,-18.3127,-0.5245,5.2264,left_tilt
402476,-0.0978,0.4813,1.0791,-16.8831,-0.2557,4.2961,left_tilt
402528,-0.1012,0.4685,1.0785,-15.3821,-0.3308,3.0954,left_tilt
402580,-0.0883,0.4582,1.0774,-13.9401,-0.3268,1.7730,left_tilt
402632,-0.0898,0.4483,1.0761,-12.8675,-0.1831,1.1593,left_tilt
402684,-0.1076,0.4373,1.0739,-11.8612,-0.0514,1.8532,left_tilt
402736,-0.1243,0.4360,1.0729,-11.8196,0.1685,0.9517,left_tilt
402788,-0.1224,0.4255,1.0766,-11.6138,0.3628,0.9909,left_tilt
402840,-0.1324,0.4137,1.0760,-10.6583,0.6617,0.7917,left_tilt
402892,-0.1391,0.4056,1.0738,-9.5641,0.2138,1.3071,left_tilt
402944,-0.1216,0.4028,1.0755,-8.7178,0.5272,1.2309,left_tilt
402996,-0.1190,0.3975,1.0714,-8.6377,0.3917,0.9944,left_tilt
403048,-0.1023,0.3915,1.0657,-7.7919,0.3917,1.0143,left_tilt
403100,-0.0955,0.3914,1.0654,-8.1397,0.4008,0.6914,left_tilt
403152,-0.1189,0.3849,1.0678,-9.9844,0.7837,1.0452,left_tilt
403204,-0.1139,0.3763,1.0701,-10.3151,-0.3954,3.0061,left_tilt
403256,-0.1274,0.3647,1.0772,-11.1644,0.1574,3.7245,left_tilt
403308,-0.1132,0.3523,1.0723,-10.6209,0.5004,3.6579,left_tilt
403360,-0.1076,0.3423,1.0721,-9.7617,0.8207,3.0780,left_tilt
403412,-0.1210,0.3398,1.0736,-8.6728,0.6478,2.6858,left_tilt
403464,-0.1620,0.3365,1.0762,-8.8261,0.7661,2.4346,left_tilt
403516,-0.1770,0.3326,1.0720,-9.5808,0.8316,2.0520,left_tilt
403568,-0.1631,0.3231,1.0698,-10.1128,0.9665,2.5368,left_tilt
403620,-0.1668,0.3165,1.0708,-9.3598,0.6867,2.1719,left_tilt
403672,-0.1450,0.3095,1.0673,-8.4078,0.7345,2.1380,left_tilt
403724,-0.1417,0.3039,1.0694,-7.3576,0.6324,1.8147,left_tilt
403776,-0.1512,0.3011,1.0718,-6.1160,0.3400,1.4385,left_tilt
403828,-0.1676,0.3011,1.0685,-5.5196,0.2465,1.4643,left_tilt
403880,-0.1742,0.2953,1.0710,-5.3692,0.3564,1.7994,left_tilt
403932,-0.1772,0.2929,1.0632,-4.6825,0.3177,1.6843,left_tilt
403984,-0.1997,0.2870,1.0631,-4.2567,0.3233,1.8594,left_tilt
404036,-0.1995,0.2840,1.0629,-3.7803,0.7049,1.8285,left_tilt
404088,-0.1999,0.2817,1.0642,-3.5182,0.6071,1.5610,left_tilt
404140,-0.1722,0.2795,1.0636,-3.0963,0.6862,1.6478,left_tilt
404192,-0.1450,0.2809,1.0606,-3.2016,0.6334,1.5874,left_tilt
404244,-0.1158,0.2789,1.0665,-3.5117,0.7408,2.0094,left_tilt
404296,-0.1306,0.2743,1.0735,-3.3751,0.5427,1.8675,left_tilt
404348,-0.1109,0.2697,1.0669,-3.1681,0.4026,1.9281,left_tilt
404400,-0.1075,0.2681,1.0637,-3.3583,0.6691,1.8544,left_tilt
404452,-0.1248,0.2646,1.0632,-3.5836,0.7067,0.9115,left_tilt
404504,-0.1255,0.2618,1.0614,-3.4220,0.2239,1.1480,left_tilt
404556,-0.1153,0.2610,1.0630,-4.1583,0.4757,1.2472,left_tilt
404608,-0.1102,0.2586,1.0584,-5.0618,0.5612,1.4227,left_tilt
404660,-0.1070,0.2579,1.0525,-6.0488,0.8052,1.3279,left_tilt
404712,-0.1356,0.2488,1.0546,-6.2811,1.0385,1.1545,left_tilt
404764,-0.1309,0.2454,1.0587,-5.5112,0.7534,0.8111,left_tilt
404816,-0.1337,0.2447,1.0589,-4.9854,0.4627,0.2005,left_tilt
404868,-0.1326,0.2412,1.0621,-5.0869,0.6516,0.0281,left_tilt
404920,-0.1469,0.2403,1.0551,-5.5146,1.0408,0.1787,left_tilt
404972,-0.1466,0.2368,1.0498,-4.9240,0.8820,0.1557,left_tilt
405024,-0.1642,0.2349,1.0514,-4.5721,0.9335,0.0823,left_tilt
405076,-0.1594,0.2302,1.0598,-4.3181,1.0190,-0.0757,left_tilt
405128,-0.1789,0.2302,1.0604,-4.3683,0.8768,-0.3761,left_tilt
405180,-0.1562,0.2257,1.0569,-4.3123,0.8439,-0.3981,left_tilt
405232,-0.1621,0.2214,1.0501,-3.6461,0.6359,-0.2996,left_tilt
405284,-0.1378,0.2214,1.0483,-3.4796,0.7595,-0.1232,left_tilt
405336,-0.1390,0.2155,1.0406,-3.3494,0.8279,0.3661,left_tilt
405388,-0.1279,0.2161,1.0477,-3.1307,0.7727,0.2323,left_tilt
405440,-0.1217,0.2148,1.0512,-2.6261,0.6477,-0.0747,left_tilt
405492,-0.1076,0.2131,1.0478,-2.3292,0.6148,-0.1753,left_tilt
405544,-0.0685,0.2109,1.0525,-2.1772,0.2816,0.0434,left_tilt
405596,-0.0359,0.2114,1.0551,-2.1945,0.2822,0.1696,left_tilt
405648,-0.0181,0.2102,1.0526,-2.3259,0.2553,0.5087,left_tilt
405700,-0.0137,0.2123,1.0541,-2.0814,0.1329,0.3296,left_tilt
405752,-0.0079,0.2113,1.0557,-2.0477,0.2106,0.1756,left_tilt
405804,0.0142,0.2096,1.0566,-1.9275,0.3506,0.1929,left_tilt
405856,0.0150,0.2088,1.0575,-2.1215,0.4672,0.0357,left_tilt
405908,0.0136,0.2048,1.0553,-2.1133,1.3193,0.2474,left_tilt
405960,0.0241,0.2042,1.0612,-1.7572,1.1613,0.3358,left_tilt
406012,0.0400,0.2050,1.0578,-1.6432,1.1005,0.5837,left_tilt
406064,0.0346,0.2041,1.0561,-1.5353,0.9190,0.7331,left_tilt
406116,-0.0090,0.2052,1.0553,-1.5573,1.1357,0.7427,left_tilt
406168,-0.0316,0.2032,1.0466,-1.3597,0.8525,0.7626,left_tilt
406220,-0.0400,0.2033,1.0445,-1.0596,0.7054,0.2136,left_tilt
406272,-0.0373,0.2062,1.0430,-0.6730,0.5694,-0.3004,left_tilt
406324,-0.0677,0.2032,1.0324,-0.7850,0.8819,0.1831,left_tilt
406376,-0.0590,0.2042,1.0322,-0.9037,0.9029,0.8111,left_tilt
406428,-0.0459,0.2051,1.0340,-0.6887,0.6831,0.5288,left_tilt
406480,-0.0670,0.2049,1.0366,-0.5793,0.7317,0.2892,left_tilt
406532,-0.0906,0.2033,1.0374,-0.4887,0.5507,0.5311,left_tilt
406584,-0.0931,0.2038,1.0412,-0.5155,0.4807,0.4559,left_tilt
406636,-0.0903,0.2039,1.0368,-0.3125,0.3515,0.3331,left_tilt
406688,-0.0945,0.2045,1.0390,0.0133,0.1381,-0.1849,left_tilt
406740,-0.1036,0.2077,1.0386,-0.1719,-0.0081,-0.0879,left_tilt
406792,-0.0904,0.2075,1.0414,-0.2315,0.0169,0.0050,left_tilt
406844,-0.0760,0.2029,1.0395,-0.5173,0.3361,0.4518,left_tilt
406896,-0.0635,0.1993,1.0332,-0.3292,0.1365,0.2826,left_tilt
406948,-0.0658,0.2012,1.0385,-0.0062,0.0532,-0.0238,left_tilt
407000,-0.0768,0.2041,1.0396,-0.1432,0.0781,0.2562,left_tilt
407052,-0.0802,0.2023,1.0443,-0.2925,0.2034,0.4788,left_tilt
407104,-0.0916,0.1995,1.0438,-0.4150,0.1815,0.5560,left_tilt
407156,-0.1015,0.1996,1.0423,-0.1955,0.1518,0.2606,left_tilt
407208,-0.0939,0.1987,1.0383,-0.0565,0.0669,-0.0719,left_tilt
407260,-0.0997,0.2013,1.0380,-0.0155,-0.1139,-0.4265,left_tilt
407312,-0.0871,0.1986,1.0392,-0.2102,0.0956,-0.2491,left_tilt
407364,-0.1067,0.1981,1.0368,0.2692,0.0205,-0.5393,left_tilt
407416,-0.0906,0.2006,1.0353,0.3931,0.0519,-0.2584,left_tilt
407468,-0.0953,0.2005,1.0343,0.0388,-0.0816,-0.0215,left_tilt
407520,-0.0547,0.1979,1.0393,0.0073,-0.1824,-0.0793,left_tilt
407572,-0.0445,0.1949,1.0453,-0.0225,-0.1317,-0.0965,left_tilt
407624,-0.0728,0.1948,1.0486,0.1750,-0.1599,-0.2905,left_tilt
407676,-0.0993,0.1994,1.0545,0.1819,-0.2251,-0.5494,left_tilt
407728,-0.1082,0.2010,1.0502,0.0897,-0.0407,-0.3077,left_tilt
407780,-0.1245,0.1974,1.0491,-0.0741,-0.1680,0.2245,left_tilt
407832,-0.1023,0.1963,1.0465,-0.0693,-0.0576,0.2794,left_tilt
407884,-0.0823,0.1950,1.0448,-0.0914,-0.0090,0.4515,left_tilt
407936,-0.0435,0.1935,1.0450,-0.0053,0.0254,0.2624,left_tilt
407988,-0.0479,0.1962,1.0409,-0.0799,-0.0479,0.3188,left_tilt
408040,-0.0519,0.1959,1.0459,-0.1121,-0.0119,0.4693,left_tilt
408092,-0.0604,0.1953,1.0434,0.1232,-0.0534,0.2599,left_tilt
408144,-0.0565,0.1982,1.0440,0.0519,0.0524,0.2664,left_tilt
408196,-0.0655,0.1977,1.0483,-0.0021,0.0516,0.1068,left_tilt
408248,-0.0419,0.1983,1.0468,0.0616,-0.1140,-0.3217,left_tilt
408300,-0.0346,0.1978,1.0456,0.0973,-0.1579,-0.5958,left_tilt
408352,-0.0255,0.2000,1.0432,0.1182,-0.1289,-0.6899,left_tilt
408404,-0.0318,0.1988,1.0463,-0.0177,-0.2202,-0.1026,left_tilt
408456,-0.0371,0.1985,1.0551,-0.2868,-0.0352,0.2162,left_tilt
408508,-0.0384,0.1978,1.0498,-0.3769,0.0013,0.4040,left_tilt
408560,-0.0503,0.1977,1.0486,-0.5787,0.1710,0.6931,left_tilt
408612,-0.0645,0.1967,1.0480,-0.6012,0.2319,0.9382,left_tilt
408664,-0.0531,0.1948,1.0482,-0.4788,0.1707,0.6091,left_tilt
408716,-0.0483,0.1943,1.0417,-0.5945,0.2271,0.4328,left_tilt
408768,-0.0582,0.1936,1.0442,-0.1620,0.0005,-0.2884,left_tilt
408820,-0.0607,0.1987,1.0443,0.0589,-0.0785,-0.6501,left_tilt
408872,-0.0509,0.2003,1.0488,0.0401,-0.2990,-0.6264,left_tilt
408924,-0.0322,0.1995,1.0509,-0.1977,-0.2677,-0.3999,left_tilt
408976,-0.0170,0.1980,1.0466,-0.5285,0.0718,0.2684,left_tilt
409028,0.0060,0.1967,1.0472,-0.4038,0.2273,0.3282,left_tilt
409080,0.0216,0.1940,1.0356,-0.2674,0.2114,0.3363,left_tilt
409132,0.0323,0.1958,1.0356,-0.0850,0.0917,-0.3564,left_tilt
409184,0.0290,0.1967,1.0399,-0.2276,0.1669,-0.1411,left_tilt
409236,0.0410,0.1954,1.0418,-0.2837,-0.1118,-0.2009,left_tilt
409288,0.0425,0.1980,1.0459,-0.4965,-0.1912,0.0260,left_tilt
409340,0.0324,0.1996,1.0486,-0.3309,-0.2670,-0.1604,left_tilt
409392,0.0349,0.2010,1.0452,-0.4411,-0.1124,-0.0225,left_tilt
409444,0.0331,0.1982,1.0432,-0.6087,0.0510,0.1031,left_tilt
409496,0.0149,0.1983,1.0429,-0.1611,-0.3190,-0.3796,left_tilt
409548,0.0227,0.1998,1.0484,-0.0839,-0.5112,-0.1551,left_tilt
409600,0.0035,0.2006,1.0521,-0.0543,-0.4986,-0.4136,left_tilt
409652,0.0057,0.2004,1.0528,-0.0641,-0.3572,-0.2617,left_tilt
409704,-0.0033,0.1973,1.0472,-0.1315,-0.0761,-0.2440,left_tilt
409756,-0.0088,0.1972,1.0480,0.1183,-0.1933,-0.4176,left_tilt
409808,-0.0067,0.1966,1.0519,0.1045,-0.2167,-0.2649,left_tilt
409860,-0.0177,0.1992,1.0509,0.1209,-0.0203,-0.4022,left_tilt
409912,-0.0128,0.1966,1.0462,-0.0308,-0.0264,-0.2022,left_tilt
409964,-0.0227,0.1980,1.0486,0.1180,-0.2069,-0.3430,left_tilt
410016,-0.0323,0.1997,1.0464,0.1073,-0.2857,-0.2555,left_tilt
410068,0.0227,0.2001,1.0507,0.1918,-0.3517,-0.5108,left_tilt
410120,0.0129,0.1990,1.0554,-0.0046,-0.1954,-0.2341,left_tilt
410172,0.0047,0.1985,1.0563,0.1909,0.0747,-0.6127,left_tilt
410224,-0.0015,0.2028,1.0526,0.3091,0.1716,-0.6256,left_tilt
410276,0.0136,0.2024,1.0515,0.1762,0.0492,-0.2450,left_tilt
410328,0.0062,0.1996,1.0481,0.1111,-0.0258,-0.0917,left_tilt
410380,0.0083,0.1983,1.0446,0.0163,0.1111,0.0508,left_tilt
410432,0.0047,0.1983,1.0395,0.2702,-0.1183,-0.4321,left_tilt
410484,-0.0067,0.2017,1.0394,0.3512,-0.3232,-0.9131,left_tilt
410536,-0.0053,0.2028,1.0384,0.1885,-0.2413,-0.8583,left_tilt
410588,-0.0236,0.1988,1.0423,0.0125,-0.1223,-0.5472,left_tilt
410640,-0.0385,0.1979,1.0489,0.0733,-0.2439,-0.5273,left_tilt
410692,-0.0416,0.1972,1.0574,-0.0964,-0.0863,-0.2290,left_tilt
410744,-0.0517,0.1987,1.0511,-0.1421,0.0551,-0.1629,left_tilt
410796,-0.0670,0.1968,1.0536,-0.2947,0.1697,0.0351,left_tilt
410848,-0.0544,0.1948,1.0539,-0.2977,0.2385,0.2774,left_tilt
410900,-0.0648,0.1971,1.0562,0.0343,-0.0530,0.0301,left_tilt
410952,-0.0622,0.1980,1.0489,-0.1536,-0.0236,0.5375,left_tilt
411004,-0.0644,0.1957,1.0540,-0.4535,0.2091,0.8794,left_tilt
411056,-0.0627,0.1959,1.0526,-0.5636,0.3693,1.0307,left_tilt
411108,-0.0444,0.1936,1.0526,-0.5250,0.3569,1.2571,left_tilt
411160,-0.0453,0.1971,1.0514,-0.3140,0.2646,1.0367,left_tilt
411212,-0.0483,0.1975,1.0449,-0.3330,0.0870,0.9459,left_tilt
411264,-0.0394,0.1984,1.0437,-0.5940,0.2701,0.9221,left_tilt
411316,-0.0202,0.1975,1.0487,-0.6424,0.2196,0.9229,left_tilt
411368,0.0017,0.1940,1.0523,-0.6095,0.5028,1.0503,left_tilt
411420,0.0226,0.1932,1.0513,-0.5739,-0.1774,3.0774,left_tilt
411472,0.0374,0.1889,1.0499,-1.2752,-1.3354,6.3204,left_tilt
411524,0.0179,0.1984,1.0503,-3.7966,-1.3808,7.9729,left_tilt
411576,0.0155,0.2060,1.0494,-4.9191,-0.8004,4.8933,left_tilt
411628,-0.0019,0.2045,1.0453,-5.7911,0.1190,2.9915,left_tilt
411680,-0.0151,0.1962,1.0422,-5.0612,0.0651,2.6395,left_tilt
411732,-0.0338,0.1948,1.0348,-4.9017,0.5411,1.8861,left_tilt
411784,-0.0443,0.1889,1.0319,-4.7650,1.1097,1.9918,left_tilt
411836,-0.0533,0.1859,1.0346,-4.3915,1.3355,1.5054,left_tilt
411888,-0.0650,0.1831,1.0354,-3.9125,1.2155,1.0552,left_tilt
411940,-0.0623,0.1794,1.0385,-3.1995,1.2507,0.8202,left_tilt
411992,-0.0812,0.1772,1.0399,-2.4460,1.1140,0.5895,left_tilt
412044,-0.0855,0.1752,1.0410,-1.9195,1.2214,0.1393,left_tilt
412096,-0.0821,0.1753,1.0445,-1.7181,1.5501,0.3012,left_tilt
412148,-0.0910,0.1789,1.0478,-1.7784,1.4421,0.6919,left_tilt
412200,-0.0986,0.1783,1.0473,-2.3488,2.3511,0.6028,left_tilt
412252,-0.0869,0.1777,1.0419,-1.6799,1.7363,0.1438,left_tilt
412304,-0.0644,0.1785,1.0409,-1.4898,1.3926,-0.1379,left_tilt
412356,-0.0409,0.1735,1.0356,-1.3255,0.8382,0.0154,left_tilt
412408,-0.0460,0.1744,1.0336,-1.1895,0.5596,0.0174,left_tilt
412460,-0.0481,0.1711,1.0371,-1.2532,0.4878,-0.1673,left_tilt
412512,-0.0634,0.1730,1.0313,-0.8767,0.2655,-0.9074,left_tilt
412564,-0.0811,0.1763,1.0354,-0.8961,0.3885,-1.0094,left_tilt
412616,-0.0698,0.1755,1.0420,-1.0261,0.5082,-0.7597,left_tilt
412668,-0.0834,0.1738,1.0433,-1.2706,0.8467,-0.2744,left_tilt
412720,-0.0953,0.1708,1.0489,-1.4082,0.9206,-0.0496,left_tilt
412772,-0.0989,0.1692,1.0494,-1.2388,0.8453,0.0433,left_tilt
412824,-0.1181,0.1692,1.0480,-1.1019,0.7149,0.2443,left_tilt
412876,-0.1092,0.1652,1.0429,-1.1098,0.8350,0.1410,left_tilt
412928,-0.1147,0.1633,1.0502,-0.9208,0.7463,1.0507,left_tilt
412980,-0.1138,0.1632,1.0550,-0.7802,0.7960,1.0197,left_tilt
413032,-0.1014,0.1658,1.0596,-1.1777,0.9930,1.2407,left_tilt
413084,-0.0646,0.1839,1.0596,-3.0407,1.0147,-2.2085,left_tilt
413136,-0.0473,0.1934,1.0529,-7.1311,2.6229,-4.7617,left_tilt
413188,-0.0368,0.1799,1.0531,-13.1943,6.3019,-4.1799,left_tilt
413240,-0.0149,0.1668,1.0461,-13.0433,5.8725,-3.6442,left_tilt
413292,-0.0061,0.1550,1.0424,-12.8783,6.1611,-2.3728,left_tilt
413344,-0.0149,0.1510,1.0364,-10.6119,4.4911,-2.9192,left_tilt
413396,-0.0335,0.1484,1.0325,-9.5255,4.1567,-2.5745,left_tilt
413448,-0.0385,0.1458,1.0260,-7.8701,3.8648,-0.7874,left_tilt
413500,-0.0428,0.1389,1.0251,-6.7335,3.3808,-0.8401,left_tilt
413552,-0.0507,0.1265,1.0272,-5.5587,2.9555,0.3498,left_tilt
413604,-0.0425,0.1176,1.0336,-4.6997,3.0275,1.4452,left_tilt
413656,-0.0592,0.1157,1.0344,-3.1698,2.0423,0.8422,left_tilt
413708,-0.0859,0.1154,1.0306,-2.5565,1.4939,-0.2448,left_tilt
413760,-0.1170,0.1140,1.0328,-1.8919,0.7726,-0.4626,left_tilt
413812,-0.1009,0.1161,1.0356,-1.6334,0.4125,-0.9421,left_tilt
413864,-0.1096,0.1213,1.0353,-2.2206,-0.0741,-3.0280,left_tilt
413916,-0.1067,0.1203,1.0368,-1.8109,-0.5428,-2.8310,left_tilt
413968,-0.0977,0.1213,1.0346,-2.3564,0.4227,-1.9605,left_tilt
414020,-0.0984,0.1208,1.0353,-2.1013,0.2867,-1.6626,left_tilt
414072,-0.1034,0.1258,1.0362,-2.7933,0.5673,-2.3708,left_tilt
414124,-0.1187,0.1222,1.0306,-3.0065,0.6650,-2.0686,left_tilt
414176,-0.1011,0.1239,1.0296,-4.6915,1.2729,-1.6941,left_tilt
414228,-0.1118,0.1126,1.0334,-6.6426,3.0875,-1.1411,left_tilt
414280,-0.1492,0.1186,1.0370,-7.4676,2.9208,-1.4345,left_tilt
414332,-0.1420,0.0994,1.0381,-6.2284,2.1860,-0.3990,left_tilt
414384,-0.1372,0.1015,1.0348,-4.8278,1.7416,-0.7508,left_tilt
414436,-0.1323,0.0978,1.0292,-3.9486,1.3648,0.2549,left_tilt
414488,-0.1360,0.0965,1.0363,-3.6743,1.6205,1.0074,left_tilt
414540,-0.1349,0.0939,1.0396,-3.0090,1.2175,1.2355,left_tilt
414592,-0.1068,0.0957,1.0365,-2.7179,0.9103,0.8530,left_tilt
414644,-0.0877,0.0975,1.0359,-1.8561,0.8417,0.3149,left_tilt
414696,-0.0720,0.1010,1.0335,-1.6399,0.3838,-0.3094,left_tilt
414748,-0.0709,0.1003,1.0339,-1.1983,0.0540,-0.5997,left_tilt
414800,-0.0669,0.1022,1.0243,-1.0419,-0.2052,-0.7495,left_tilt
414852,-0.0525,0.0994,1.0250,-0.5397,-0.1911,-1.0296,left_tilt
414904,-0.0765,0.0979,1.0251,-0.3823,-0.1769,-1.2217,left_tilt
414956,-0.0789,0.0947,1.0257,-0.2090,-0.6311,-1.5585,left_tilt
415008,-0.0859,0.0946,1.0232,0.1419,-0.4327,-1.2692,left_tilt
415060,-0.0825,0.0972,1.0293,0.5234,-0.8418,-2.2668,left_tilt
415112,-0.0890,0.0971,1.0311,0.2071,-0.5921,-2.0190,left_tilt
415164,-0.0872,0.0940,1.0302,-0.0489,0.1543,-0.4636,left_tilt
415216,-0.0903,0.0912,1.0271,-0.4064,0.7865,0.6205,left_tilt
415268,-0.1077,0.0900,1.0269,-0.3320,0.6755,0.4434,left_tilt
415320,-0.1170,0.0911,1.0253,-0.0924,0.1943,-0.1287,left_tilt
415372,-0.0995,0.0886,1.0244,0.1145,0.0444,-0.1483,left_tilt
415424,-0.0847,0.0948,1.0253,0.2175,0.1658,-0.5929,left_tilt
415476,-0.0627,0.1014,1.0346,-0.4360,0.7850,0.0269,left_tilt
415528,-0.0563,0.1093,1.0357,-0.6230,0.6514,0.1350,left_tilt
415580,-0.0590,0.1029,1.0360,-1.2840,0.9628,1.0566,left_tilt
415632,-0.0397,0.1003,1.0360,-1.9181,1.3524,1.4168,left_tilt
415684,-0.0441,0.0908,1.0371,-2.0285,1.4060,1.4286,left_tilt
415736,-0.0439,0.0953,1.0437,-0.9641,0.8108,0.4640,left_tilt
415788,-0.0192,0.0922,1.0469,-1.1034,1.2338,0.6220,left_tilt
415840,-0.0078,0.0925,1.0464,-1.3889,1.7326,0.9729,left_tilt
415892,-0.0167,0.0908,1.0477,-0.9837,0.9316,-0.0074,left_tilt
415944,-0.0275,0.0925,1.0412,-0.7039,0.1992,-0.5047,left_tilt
415996,-0.0272,0.0873,1.0365,-0.3731,0.0972,-0.0948,left_tilt
416048,-0.0265,0.0852,1.0367,-0.4902,0.8370,1.0773,left_tilt
416100,-0.0201,0.0815,1.0402,-0.1670,1.1815,0.7707,left_tilt
416152,-0.0273,0.0824,1.0379,0.3205,0.9167,0.1453,left_tilt
416204,-0.0257,0.0864,1.0369,0.6632,0.7949,-0.1092,left_tilt
416256,-0.0537,0.0898,1.0300,0.6625,0.6547,0.0002,left_tilt
416308,-0.0448,0.0903,1.0340,0.4146,0.9563,0.2357,left_tilt
